"0","alpha <- append(letters, LETTERS)"
"0","sort(alpha)"
"1"," [1]"
"1"," ""a"""
"1"," ""A"""
"1"," ""b"""
"1"," ""B"""
"1"," ""c"""
"1"," ""C"""
"1"," ""d"""
"1"," ""D"""
"1"," ""e"""
"1"," ""E"""
"1"," ""f"""
"1","
"
"1","[12]"
"1"," ""F"""
"1"," ""g"""
"1"," ""G"""
"1"," ""h"""
"1"," ""H"""
"1"," ""i"""
"1"," ""I"""
"1"," ""j"""
"1"," ""J"""
"1"," ""k"""
"1"," ""K"""
"1","
"
"1","[23]"
"1"," ""l"""
"1"," ""L"""
"1"," ""m"""
"1"," ""M"""
"1"," ""n"""
"1"," ""N"""
"1"," ""o"""
"1"," ""O"""
"1"," ""p"""
"1"," ""P"""
"1"," ""q"""
"1","
"
"1","[34]"
"1"," ""Q"""
"1"," ""r"""
"1"," ""R"""
"1"," ""s"""
"1"," ""S"""
"1"," ""t"""
"1"," ""T"""
"1"," ""u"""
"1"," ""U"""
"1"," ""v"""
"1"," ""V"""
"1","
"
"1","[45]"
"1"," ""w"""
"1"," ""W"""
"1"," ""x"""
"1"," ""X"""
"1"," ""y"""
"1"," ""Y"""
"1"," ""z"""
"1"," ""Z"""
"1","
"
